source,target,value
Cardinals,Black Oil Sunflower,High
Cardinals,Striped Sunflower,High
Cardinals,Hulled Sunflower,High
Cardinals,Safflower Seed,High
Cardinals,Millet White/red,Low
Cardinals,Corn Products,Low
Chickadees,Black Oil Sunflower,High
Chickadees,Striped Sunflower,Medium
Chickadees,Hulled Sunflower,Medium
Chickadees,Shelled Peanuts,Medium
Chickadees,Safflower Seed,Medium
Doves,Millet White/red,High
Doves,Milo Seed,High
Doves,Black Oil Sunflower,Medium
Doves,Hulled Sunflower,Medium
Doves,Safflower Seed,Medium
Doves,Corn Products,Medium
Doves,Striped Sunflower,Low
Doves,NyjerSeed (Thistle),Low
Goldfinches,Black Oil Sunflower,High
Goldfinches,Hulled Sunflower,High
Goldfinches,NyjerSeed (Thistle),High
Goldfinches,Striped Sunflower,Medium
Goldfinches,Millet White/red,Low
Grosbeaks,Hulled Sunflower,High
Grosbeaks,Black Oil Sunflower,Medium
Grosbeaks,Striped Sunflower,Medium
Grosbeaks,Millet White/red,Low
House Finches,Black Oil Sunflower,High
House Finches,Hulled Sunflower,High
House Finches,NyjerSeed (Thistle),High
House Finches,Striped Sunflower,Medium
House Finches,Millet White/red,Medium
House Finches,Safflower Seed,Low
Jays,Black Oil Sunflower,High
Jays,Striped Sunflower,High
Jays,Hulled Sunflower,High
Jays,Shelled Peanuts,Medium
Jays,Corn Products,Medium
Jays,Milo Seed,Low
Jays,Safflower Seed,Low
Juncos,Black Oil Sunflower,Low
Juncos,Striped Sunflower,Low
Juncos,Hulled Sunflower,Low
Juncos,Millet White/red,Low
Juncos,NyjerSeed (Thistle),Low
Juncos,Corn Products,High
Nuthatches,Black Oil Sunflower,High
Nuthatches,Striped Sunflower,Medium
Nuthatches,Hulled Sunflower,Medium
Nuthatches,Shelled Peanuts,Low
Nuthatches,Safflower Seed,Low
Purple Finches,Black Oil Sunflower,High
Purple Finches,Hulled Sunflower,High
Purple Finches,Striped Sunflower,Medium
Purple Finches,NyjerSeed (Thistle),High
Purple Finches,Millet White/red,Low
Siskins,Hulled Sunflower,High
Siskins,NyjerSeed (Thistle),High
Siskins,Black Oil Sunflower,Low
Siskins,Striped Sunflower,Low
Siskins,Corn Products,Low
Sparrows,Black Oil Sunflower,High
Sparrows,Striped Sunflower,High
Sparrows,Hulled Sunflower,High
Sparrows,Millet White/red,High
Sparrows,Milo Seed,Medium
Sparrows,Corn Products,Medium
Sparrows,Safflower Seed,Low
Titmice,Black Oil Sunflower,High
Titmice,Striped Sunflower,Medium
Titmice,Hulled Sunflower,Medium
Titmice,Shelled Peanuts,Medium
Titmice,NyjerSeed (Thistle),Low
Titmice,Safflower Seed,Low
Towhees,Black Oil Sunflower,High
Towhees,Striped Sunflower,High
Towhees,Hulled Sunflower,High
Towhees,Millet White/red,Low
Towhees,Shelled Peanuts,Low
Towhees,Safflower Seed,Low
Towhees,Corn Products,Low
Woodpeckers,Hulled Sunflower,High
Woodpeckers,Black Oil Sunflower,Medium
Woodpeckers,Striped Sunflower,Medium
Woodpeckers,Shelled Peanuts,Low
Woodpeckers,Safflower Seed,Low
Woodpeckers,Corn Products,Low
